{
  "movies" : {
    "transaction" : "movies",
    "sampleCount" : 1000,
    "errorCount" : 0,
    "errorPct" : 0.0,
    "meanResTime" : 988.5030000000012,
    "medianResTime" : 1146.5,
    "minResTime" : 7.0,
    "maxResTime" : 3057.0,
    "pct1ResTime" : 2038.6999999999998,
    "pct2ResTime" : 2568.95,
    "pct3ResTime" : 3019.0,
    "throughput" : 73.67025195226168,
    "receivedKBytesPerSec" : 13793.171918741713,
    "sentKBytesPerSec" : 8.705176256077795
  },
  "총계" : {
    "transaction" : "총계",
    "sampleCount" : 1000,
    "errorCount" : 0,
    "errorPct" : 0.0,
    "meanResTime" : 988.5030000000012,
    "medianResTime" : 1146.5,
    "minResTime" : 7.0,
    "maxResTime" : 3057.0,
    "pct1ResTime" : 2038.6999999999998,
    "pct2ResTime" : 2568.95,
    "pct3ResTime" : 3019.0,
    "throughput" : 73.67025195226168,
    "receivedKBytesPerSec" : 13793.171918741713,
    "sentKBytesPerSec" : 8.705176256077795
  }
}